Joaquin Fuenzalida,19987654
Maria Perez,21234567
Juan Rodriguez,22098765
Ana Sanchez,19876543
Carlos Gonzalez,21123456
Laura Martinez,20987654
Pedro Lopez,21987654
Sofia Fernandez,21345678
Diego Ramirez,20876543
Valentina Herrera,20123456
Felipe Silva,21789012
Antonia Gonzalez,21654321
Pablo Martinez,20234567
Isabella Smith,20543210
Martin Perez,20345678
Valeria Fernandez,21876543
Andres Johnson,20432109
Camila Smith,21098765
Nicolas Gonzalez,19901234
Sofia Lopez,21432109
Mateo Ramirez,20654321
Emilia Sanchez,20789012
Juan Carlos Rodriguez,19987650
Catalina Perez,22012345
Andres Fernandez,21987658
Paula Martinez,19876549
Carlos Silva,19876548
Elmer Luzo,21131265
Felipe Ramirez,21098760
Victoria Johnson,21123459
Rodrigo Lopez,20123458
Martina Gonzalez,21654325
Emilio Sanchez,19987656
Isidora Rodriguez,20543211
Matias Perez,20876549
Valentina Smith,20987655
Juan Pablo Fernandez,22098767
Sofia Martinez,20432106
Lucas Ramirez,21789014
Fernanda Gonzalez,20234569
Tomas Fernandez,21345675
Antonia Sanchez,21654329
Felipe Silva,21123457
Camila Smith,19901237
Ignacio Ramirez,20789015
Martina Johnson,21098762
Diego Lopez,19987657
Catalina Perez,22098768
Manuel Rodriguez,20543212
Francisca Martinez,20234570
